{
  "q_table": {
    "low_clear_normal_night_weekday": [
      0.0003662845991563579,
      0.05976648727607292,
      0.0776997238854796,
      0.0009843682379077345,
      -0.05079453076085523,
      0.033543331686560596,
      0.014482702489478472
    ],
    "high_clear_normal_night_weekday": [
      -0.09474600074946019,
      0.007199228765144158,
      -0.07951336700272137,
      0.03613369790357063,
      0.058211338448108135,
      0.015227544747182645,
      0.057214792859337865
    ],
    "low_clear_normal_evening_weekday": [
      0.0042898041618653765,
      0.08206205441463252,
      0.013103732304736188,
      -0.04154278232968245,
      -0.04307193805095793,
      0.047821035485545116,
      0.09535557475324755
    ],
    "low_clear_normal_morning_weekday": [
      0.03780421470558526,
      0.05316353238490423,
      0.00827695062033032,
      0.003103068692196939,
      -0.060603747484167796,
      0.04834028514883032,
      0.08354549920683907
    ],
    "high_clear_normal_evening_weekday": [
      0.0657867244097936,
      0.010801074042819797,
      0.05160263151780356,
      -0.03503770784110792,
      -0.005350524642941529,
      0.014095345126958286,
      0.02803863509539095
    ],
    "high_clear_normal_morning_weekday": [
      -0.08799875041957356,
      0.06974759782313453,
      -0.02698043541018183,
      -0.0653218013527441,
      0.05928921547508312,
      -0.09513017847595613,
      0.043722321197676106
    ],
    "low_moderate_normal_night_weekday": [
      0.06897305869265147,
      -0.04121246068822742,
      0.02726892811974116,
      0.05279737929281289,
      0.04243513254256309,
      0.05941242552495468,
      0.017003145812974504
    ],
    "medium_clear_normal_night_weekday": [
      0.07771776466751504,
      -0.06019761615090968,
      -0.03531531943028794,
      -0.06524957041931152,
      -0.014093111480725562,
      0.05057148592643401,
      -0.003796024651302396
    ],
    "high_moderate_normal_night_weekday": [
      0.03291983897812248,
      -0.02754228531126708,
      -0.01398403784172822,
      -0.07567470283581235,
      0.08488044688640159,
      0.06179535832939817,
      0.009270594886784805
    ],
    "low_clear_normal_afternoon_weekday": [
      0.019068954103401703,
      -0.0897401829476588,
      -0.020245639257539125,
      0.08933719183629582,
      -0.07736647004390547,
      0.0061382697198668346,
      -0.07050225821824568
    ],
    "high_clear_normal_afternoon_weekday": [
      0.06475077563118817,
      -0.09569683599074419,
      -0.011581921267670062,
      0.01649489252661207,
      -0.05656673613638439,
      -0.05820650918228396,
      -0.09713023951055383
    ],
    "medium_clear_normal_evening_weekday": [
      -0.07637705619134574,
      0.05170995400776787,
      0.09798790457517748,
      -0.030367108405164253,
      -0.023480311373474352,
      0.07050495136717527,
      0.06980071488751846
    ],
    "medium_clear_normal_evening_weekend": [
      -0.047864353967157186,
      -0.012300491989589227,
      -0.003185825173937798,
      0.047688112864462145,
      -0.07425576384581317,
      0.019724461861543155,
      -0.04070763856950799
    ],
    "medium_clear_normal_morning_weekday": [
      -0.09411494453904674,
      -0.0045712787030710855,
      -0.06806164293020578,
      0.049061768518146254,
      -0.06997882208890056,
      0.005023976792926849,
      -0.007353869145070829
    ],
    "high_moderate_normal_morning_weekday": [
      0.017025780794368978,
      -0.024011767573962617,
      0.0631573502052393,
      0.07573540111795468,
      0.06670023463782501,
      0.04438857037097749,
      0.024026582621744813
    ],
    "unknown_clear_normal_evening_weekday": [
      -0.08800903657488968,
      -0.056161036439413704,
      -0.04107616018547575,
      0.025104989408498424,
      0.017278349795402617,
      0.00460725196735412,
      -0.06074373244103091
    ],
    "unknown_clear_normal_evening_weekend": [
      0.003969370969642089,
      0.0067563846567542385,
      0.05616036998567661,
      0.05069857563217453,
      0.06423698471524189,
      0.009552165356365466,
      -0.07169917561870964
    ],
    "unknown_clear_normal_morning_weekday": [
      0.04585295710760412,
      -0.05950670756140375,
      -0.03167274501115602,
      0.04278954678084798,
      -0.029556247470515704,
      0.04912458197355504,
      0.022357328338650187
    ],
    "medium_moderate_normal_evening_weekday": [
      -0.048965257599044715,
      -0.005577429119904262,
      -0.0018418588913937939,
      -0.045629929481080383,
      -0.07101334227971878,
      -0.048820043180032774,
      0.0676545076134176
    ],
    "very_high_clear_normal_morning_weekday": [
      0.020839247313525294,
      0.09206154528890556,
      0.028956012052412466,
      -0.029961704021561425,
      -0.03773317036914841,
      0.008500080102087831,
      0.07068117597896514
    ],
    "unknown_moderate_normal_evening_weekday": [
      -0.025143676041730886,
      -0.04888827248678145,
      0.07378429349820731,
      -0.05019327809685614,
      -0.03297850599202301,
      0.033376917720382066,
      -0.052147827796654035
    ],
    "very_high_moderate_normal_night_weekday": [
      0.09197000951089074,
      -0.03580118625113793,
      0.09834696223811651,
      0.004020495952119993,
      -0.01518929400761651,
      -0.036911410569923156,
      0.004225789803321042
    ],
    "very_high_moderate_normal_evening_weekday": [
      0.096194687251375,
      0.07552241765675324,
      0.09740652464838578,
      0.08868767313650269,
      0.004227653779342019,
      -0.017239026777357336,
      -0.01890926826239389
    ],
    "high_recent_high_clear_normal_afternoon_weekday": [
      -0.08751025295850533,
      -0.04162143257439726,
      0.022358275261115917,
      -0.023054039353685885,
      0.08055712143190294,
      -0.09003386283002711,
      0.06063700277257056
    ],
    "high_recent_high_clear_normal_afternoon_weekend": [
      -0.055143225784752795,
      -0.03955135158960177,
      0.0255305582111979,
      0.05468006242207735,
      -0.0038698859660238616,
      0.012640668557721321,
      -0.04685232041339785
    ],
    "low_recent_unknown_clear_normal_morning_weekday": [
      0.05617109146923657,
      0.050846504683623034,
      -0.04739611314529755,
      -0.0005177201966853062,
      -0.06676818285075117,
      0.03276829640862272,
      -0.046375472688447085
    ],
    "medium_recent_high_clear_normal_morning_weekend": [
      0.08969887779801486,
      -0.06355532690100321,
      0.09184769882516167,
      -0.04987206970839071,
      0.06597410413648996,
      -0.08886960321692168,
      0.04792453614396963
    ],
    "unknown_recent_high_clear_normal_morning_weekday": [
      -0.029693225542078275,
      -0.03424673304372165,
      -0.026033491048001373,
      0.09048778392995177,
      -0.08583592389600797,
      0.08908023548145336,
      -0.008247263789538925
    ],
    "medium_recent_medium_moderate_normal_night_weekday": [
      -0.026180964356736766,
      -0.01629885326504714,
      0.06799341157782432,
      -9.41631769768303e-05,
      -0.0670669146643805,
      0.04844067651220971,
      -0.06379455776961913
    ],
    "medium_recent_unknown_clear_normal_morning_weekend": [
      -0.0599305229473784,
      0.04905869910737337,
      -0.05468952408814198,
      -0.07833311029307247,
      0.0050408103611136595,
      -0.044155392884384,
      0.02315966457512106
    ],
    "unknown_recent_medium_moderate_normal_night_weekday": [
      0.022165250623880528,
      -0.004933906434291396,
      -0.04651347715465633,
      -0.07563215208302508,
      0.0016105927685264448,
      0.02958489180014129,
      0.06970891240995097
    ],